﻿University ;Faculty ;Qualifications;Year;Modules;Module Code;SAQA credits;Description 
University of cape town ;Science;ARCHAEOLOGY;1;THE HUMAN PLANET: PREHISTORY TO PRESENT;AGE1002S;18;"This aim of this course is to introduce the study of archaeology, and the study of human origins. 
Archaeology is defined as the study of the human past through material culture. Over the second 
semester, this course presents an overview of prehistory leading up to the modern day, as well as the 
broader climatic, geographic, ecological, social, and cultural contexts which made modern humans. 
In particular, it looks at the past through the lens of what people leave behind - the archaeological 
record. 
What you can expect to take away from this course: 
•A broad understanding of the timescales of human prehistory, and our interactions with the Earth 
System, from the Early Pleistocene through to the Historical period, and the emergence of present day 
societies (the ""Anthropocene""). 
•An understanding of current concepts in archaeological thought, and the complexities of relationships 
between archaeologists, science, and society today. 
•Familiarity with the foundational skills and terminology necessary for present-day archaeological 
research and investigation. 
This broad course is suitable for all undergraduate students in the sciences and humanities; but 
particularly for those wishing to major in Archaeology, Environmental & Geographical Science, or 
cognate subjects."
null;null;null;1;TOWARDS A DECOLONISED SCIENCE IN SOUTH AFRICA;AGE1005L;18;"This course addresses some key topics relevant to the decolonization of science in South Africa. 
Course objectives are as follows: (1) to contrast the science behind human diversity (e.g. skin colour 
variation, sex) with socially-constructed categories (e.g. race, gender binary); (2) to demonstrate how 
the history of racism and gender bias has limited the focus of scientific enquiry; (3) to highlight the 
importance of diversity and diverse voices in the production of scientific knowledge, (4) to show how 
African voices in particular have shaped and are continuing to shape the trajectory of science. The 
approach is a blended learning environment which combines online lectures, tutorials, tasks, and 
assessments. Guests both within UCT and from further afield will be brought in to supplement material 
through lectures, interviews and/or short case studies. 
Assessment: Class participation (workshops/tutorials and online discussions) 20%, online tests 20%, 
final exam 30%, final project 30%. NOTE: The allocation of 30% to the final exam breaks with the 
traditional 50% threshold. Given the format and intense interactive nature of the courses, the decision 
has been made that a large component of student assessment should be a course project which allows"
null;null;null;2;HUMAN EVOLUTION;AGE2011S;24;"Course outline: 
In AGE2011S we examine the record of primate and human evolution, showing how fossil skeletons 
and artefacts are interpreted in terms of human behaviour and evolutionary processes. We also 
consider genetic and other comparative evidence that are increasingly providing insight into the origin 
of our lineage. We answer questions such as: Why did our ancestors evolve in Africa? How did we 
evolve such large and complex brains? What advantage does bipedalism provide? When do humans 
begin to make tools? Why is human skin colour so variable? What makes humans unique? The 
syllabus for AGE2011S includes practical sessions for the study of primate and human, fossil and 
recent skeletal material and the artefacts associated with our ancestors. "
null;null;null;2;THE FIRST PEOPLE;AGE2012F;24;"All humans living today have a common African origin. The first humans were hunter-gatherers, as 
were their descendants. Indeed, our ancestors were hunter-gatherers for at least 99% of our 
evolutionary history, which means that our physical, psychological and social selves have been shaped 
by this way of life. We learn about the origin and evolution of our hunter-gatherer ancestors from 
genetic, fossil, archaeological and ethnographic evidence. Studies of Khoesan peoples of southern 
Africa have contributed significantly to our understanding of such societies. In this course we focus 
on the hunter-gatherer way of life over the past few hundreds of thousands of years. Specific topics 
covered include modern human origins, the Middle and Later Stone Age, ethnographic studies of 
Khoesan, the origins of pastoralism, coastal vs. arid environment adaptations, rock art and symbolic 
interpretation, genetics and biology, revisionism, and contemporary socio-politics and identity. In the 
weekly practical sessions, students will conduct hands-on, problem-solving exercises with 
archaeological materials. "
null;null;null;3;DIRECTED READING & RESEARCH ;AGE3006H;36;"In this course we explore the history of Africa’s people over the past 2000 years with special reference 
to southern Africa. Why are southern African populations so diverse? What lies behind the linguistic 
map that we see today? What social, technological and palaeoenvironmental systems shaped the 
evolution of societies? Did Africa have any civilisations? Who did Africa interact with? We discuss 
the archaeological record of artefacts, settlement systems, food waste, environmental contexts and 
human skeletons. We deploy historical, material science, molecular science, anthropological and 
palaeoclimatic techniques to explore this rich and diverse heritage of the last two thousand years. "
null;null;null;3;THE ROOTS OF RECENT AFRICAN IDENTITIES;AGE3011F;36;"In this course we explore the history of Africa’s people over the past 2000 years with special reference 
to southern Africa. Why are southern African populations so diverse? What lies behind the linguistic 
map that we see today? What social, technological and palaeoenvironmental systems shaped the 
evolution of societies? Did Africa have any civilisations? Who did Africa interact with? We discuss 
the archaeological record of artefacts, settlement systems, food waste, environmental contexts and 
human skeletons. We deploy historical, material science, molecular science, anthropological and 
palaeoclimatic techniques to explore this rich and diverse heritage of the last two thousand years. "
null;null;null;3;GLOBAL DIASPORAS & THE ARCHAEOLOGY OF THE;AGE3012S ;36;"Over the last thousand years, southern Africa has been connected to the world in a number of ways. 
From the 16th century the European push to open trade routes to the east increasingly disrupted earlier 
interactions between the southern African interior and the wider Indian Ocean region that had been in 
place from the 1st millennium AD. The European diaspora into southern Africa created new orders of 
power, control and trade that had massive impacts on indigenous societies who were subjected to 
slavery, genocide and eventually apartheid. In this course we look at these interactions and 
transformations from both foreign and local viewpoints, in which the idea of frontier is a central theme. 
The focus is on archaeological evidence and the contribution it makes to understanding the texture of 
life on frontiers and the new identities that frontiers created. In doing this the relationship between 
archaeological evidence, written sources and oral history is critically addressed, particularly in the 
search for perspectives that address cultural change and continuity at the local scale. "
null;null;null;3;ARCHAEOLOGY IN PRACTICE;AGE3013H;36;"The course will run throughout the academic year. The lecture programme (campus and field) will be 
flexible and a schedule will be decided upon in consultation with participating students. The 
curriculum covers training in site location, excavation, field note taking, stratigraphic observation, site 
survey, use of GPS and total station, photography, rock art recording, processing of field observations, 
spread sheet use, preliminary conservation and accessioning of materials, preliminary analyses and 
report writing. "
null;null;null;null;null;null;null;null
null;null;DEPARTMENT OF ASTRONOMY;1;INTRODUCTION TO ASTRONOMY ;AST1000S;18;"The course introduces students to the subject of Astronomy and our place in the universe from the 
small scales of the Earth-Sun-Moon system to the large scales of distant galaxies. It aims to provide 
insight into how we study astrophysical objects via EM radiation and telescopes (theory) as well as 
providing a high-level overview of objects in the universe, moving outwards from our solar system, 
to stars and stellar remnants, our galaxy and others, dark matter and cosmology, and the study of the 
universe at the largest scales. The course is open to all interested students as well as providing a solid 
introduction to those wishing to continue in astrophysics"
null;null;null;2;ASTROPHYSICS ;AST2002H;24;"This course presents an introduction to the theoretical aspects of modern astrophysics. The key 
objective is to illustrate the application of physical laws in an astronomical context and to explain how 
we know what we do about the universe and its constituents. Subject matter broached includes: 
Celestial mechanics; radiation laws; blackbody radiation, Planck function and approximations; 
magnitudes; the hydrogen atom; stellar spectroscopy; stellar evolution and remnants; special"
null;null;null;2;ASTRONOMICAL TECHNIQUES ;AST2003H ;24;"This course combines a large practical component (radio and optical astronomy practicals) with 
theoretical background in astronomical techniques, instrumentation and data analysis. The techniques, 
instrumentation and data analysis section includes: Positional astronomy: time systems, spherical 
astronomy, co-ordinate systems and conversions, astrometry; Detection systems: interaction of 
radiation and matter, ultraviolet and optical detectors; Optics and telescope design; Multi-wavelength 
astronomy: infrared, ultraviolet, x-ray and gamma–ray astronomy, fundamentals of radio astronomy; 
Observational techniques: photometry and spectroscopy; Orthodox statistics: probability 
distributions, Chi-squared distribution, propagation of errors; Stochastic processes and noise: photon 
noise. "
null;null;null;3;STELLAR ASTROPHYSICS;AST3002F;36;"This course introduces fundamental concepts such as radiative transfer and opacity to explain the 
observed spectroscopic and photometric signatures of stars. Students will interpret the observed 
intrinsic properties of stars through a theoretical understanding of the energy production inside stars 
and the propagation of the electromagnetic radiation from the stellar core through its interior to the 
stellar surface, from where the radiation escapes unhindered. The life cycle of stars is considered in 
great detail, from the collapse of an interstellar gas cloud to the end products of stellar evolution: white 
dwarfs, neutron stars and black holes. This course includes an observational component in which the 
students use the modern teaching observatory on campus to derive fundamental properties of stars and 
stellar systems."
null;null;null;3;GALACTIC & EXTRAGALACTIC ASTROPHYSICS;AST3003S;36;"The aim of this course is to provide a broad introduction to galactic & extragalactic astrophysics and 
cosmology. Topics will include the Milky Way and normal galaxies, supermassive black holes, active 
galaxies, clusters of galaxies, and cosmology and the origin of structure in the universe. Current hot 
topics in the area are also discussed in lectures from time to time and students are encouraged to keep 
abreast of the latest developments. A further aim is to develop observing data reduction skills. Students 
will therefore participate in a fieldtrip to the South African Astronomical Observatory in Sutherland, 
where they will obtain their own spectroscopic data and will be taught how to do the data reduction 
and analysis. "
null;null;null;null;null;null;null;null
null;null;DEPARTMENT OF BIOLOGICAL SCIENCES;1;CELL BIOLOGY;BIO1000F;18;"Basic biological principles and processes at a cellular level provide an essential grounding for future 
study in the life sciences. The structure and function of cell components is introduced, followed by an 
introduction to chemistry, including the structure and functions of biological macro-molecules. Cell 
division and the role of genetics in inheritance and the control of biological systems is then considered. 
This leads into an introduction to membrane physiology, metabolism and its regulation. Cellular 
processes that are considered in detail include the functioning of photosynthesis and cellular 
respiration, and how these relate to organismal physiology. Cellular communication and the immune 
system of animals complete the organismal physiology. "
null;null;null;1;BIOLOGICAL DIVERSITY;BIO1004S;18;"This course aims to illustrate the diversity and complexity of living organisms, from viruses to 
humans. Topics include: evolution as a means of interpreting change with time; modern theories on 
the mechanisms of evolution; the origin of species, including humans; structure and functioning of the 
simplest microbial life forms; structure and life cycles of fungi; the evolution of aquatic and terrestrial 
plants; the diversity and adaptations of invertebrate animals; the development and adaptations of 
chordate groups; primate diversity and evolution; conservation and biodiversity issues in relation to 
South African biomes and global change. The course includes a strong practical component which 
further examines biodiversity and related concepts. "
null;null;null;2;PRINCIPLES OF ECOLOGY & EVOLUTION;BIO2014F;24;"This course begins with an exploration of the mechanisms by which populations evolve and ultimately 
give rise to the entities that we term species. Building on this, it then explores the nature of the 
genealogical relationships between species (phylogeny), and the manner in which these are estimated 
in practice. The focus then shifts to abiotic and biotic controls on the distribution of species and higher 
taxa in nature, as viewed through the lens of niche theory, as well as constraints on the adaptability of 
populations or species to changing selective conditions. Finally, the course explores life history 
variation amongst organisms, including the factors that regulate its evolution and its demographic 
consequences. The latter provides context for a brief introduction to population ecology. Lectures 
provide theoretical background, while practicals and the compulsory field trip provide hands-on 
experience of material taught in lectures, as well as training in basic research techniques. "
null;null;null;2;VERTEBRATE DIVERSITY & FUNCTIONAL BIOLOGY ;BIO2015F ;24;"This course begins with an overview of the evolution, characteristics, diversity, morphology, and life 
histories of the different craniate classes, paying particular attention to adaptations underlying the 
success of the vertebrates. Distinctive or advanced biological features of each group are highlighted, 
and their ecological/economic importance briefly considered. The rest of the course comprises 
integrative, cross-taxonomic modules on the functional biology of vertebrates, notably locomotion, 
sensory systems, metabolism, homeostasis and behaviour. The course includes a strong practical 
component to demonstrate the links between form and function; as well as a compulsory 4-day field 
camp during which students will be trained in methods for studying the diversity, ecology and 
behaviour of selected vertebrate groups. "
null;null;null;2;INVERTEBRATE DIVERSITY & FUNCTIONAL BIOLOGY;BIO2016S;25;"The course exposes students to the diversity of invertebrates and their functional biologies. Topics 
will be presented within an evolutionary framework to emphasise past and contemporary selective 
pressures driving diversification. Students will be exposed to key topics in functional biology across 
the major invertebrate groups and will include cellular to organism level processes. The course begins 
with an introduction to the evolution of the invertebrates and the major phyla. This leads to an 
exploration of invertebrate functional biology, with an emphasis on key adaptations across the 
aquatic–terrestrial gradient. Lectures, practicals and field trips will expose students to contemporary 
philosophical, methodological and conceptual approaches used in the field of invertebrate functional 
biology and diversity. "
null;null;null;2;PLANT DIVERSITY AND FUNCTIONAL BIOLOGY;BIO2017S;24;"The course begins with a discussion on the nature and origin of plants that includes an overview of 
major autotrophic eukaryote lineages. The benefits and challenges of life in water and on land are also 
presented. Diversity and evolution of life histories and reproductive systems in plants and 
consequences of the diversity of major plant lineages are studied. The functional biology of the major 
organs of the plant including roots, stems and leaves in relation to strategies for resource acquisition 
and utilisation, mineral nutrition, plant water relations and carbon metabolism are considered. This 
entails studying variations in root, stem and leaf morphologies in various plant lineages and unique 
terrestrial and aquatic environments and their function in water, nutrients, and carbon metabolism. 
There is a strong focus on African plants, and a particular emphasis on the Cape Floristic region. The 
course practicals are compulsory and complements the theory with hands-on experience on working 
with different lineages of plants, data collection and analysis from scientific studies and experiments, 
and scientific writing. A compulsory 4-day field camp is undertaken for students to study the 
relationship between ecology and plant morphology, function, and diversity."
null;null;null;3; MARINE ECOSYSTEMS;BIO3002F;36;"The course aims to develop and promote skills in the marine sciences in South Africa, making students 
familiar with global marine ecosystem structure and functioning, but with an emphasis on South 
African systems. Lectures, tutorials, and practicals will be aimed at developing interpretative and 
integrative skills built during previous courses (e.g., SEA2004F; BIO2014F; BIO1004S; BIO1000F), 
which cover large amounts of more basic information. A further important aim will be to develop 
numerical and written skills, as well as introducing students to modern research techniques and 
approaches. "
null;null;null;3; GLOBAL CHANGE ECOLOGY;BIO3013F;36;"How are organisms and ecosystems affected by the drivers of global environmental change? In this 
course we briefly explore the drivers of global change, both natural (e.g. Milankovitch cycles, tectonic 
drift) and anthropogenic (e.g. greenhouse gas emissions, pollution, land-use change), and then 
examine how these drivers influence (and are influenced by) terrestrial and marine biological systems. 
We cover a variety of topics, ranging from organismal and physiological responses to global change, 
biodiversity, global biogeochemical cycles, ecological function and ecosystem services. While the 
majority of the class is focussed on contemporary global change, this is contextualized relative to 
palaeohistorical environmental change. The course provides an integrated knowledge of contemporary 
environmental issues related to global change (e.g. carbon sequestration, climate change mitigation, "
null;null;null;3;CONSERVATION: GENES, POPULATION & BIODIVERSITY;BIO3014S;36;"This course introduces students to the science and practice of conservation biology, beginning with 
an overview of conservation issues, the value of biodiversity, extinction risks and the history and 
philosophy of conservation. The conservation of biodiversity is explored at multiple levels, including 
the diversity of genes, species, populations and ecosystems. At the species and population levels, we 
consider the role of life history and behaviour in the management of populations in the real world. 
The conservation and management of ecosystems is considered in terms of important processes, such 
as disturbance, re-wilding and threats by alien species. This course includes consideration of 
conservation, society, landscapes and ecosystem services. Issues to be considered here include 
incentives, access, who benefits from conservation, legal aspects and management policies."
null;null;null;3;MARINE RESOURCES;BIO3017S;36;"This course covers the science that supports renewable marine resource management. Topics include 
the diversity and life-history strategies of living marine resources, the diversity of fish and fisheries, 
surplus production, ecological responses to exploitation, monitoring and assessment techniques, 
regulatory strategies, resource economics, diversity and principles of marine aquaculture, and marine 
conservation"
null;null;null;3;ECOLOGY & EVOLUTION;BIO3018F;36;"Ecological and evolutionary processes together determine patterns of biodiversity. This Africancentric ecology and evolution course utilises regional examples within the global context to illustrate 
plant and animal ecology and evolution. The course starts with community assembly and the 
mechanisms (e.g., functional traits) that contribute to species coexistence (e.g., niche construction) 
and turnover (competition/facilitation for resources) between communities and the results of this (e.g., 
succession and alternate states). The role of disturbance (e.g., fire, herbivory, predation) in structuring 
communities and the roles of adaptation versus exaptation are then considered. Alien invasions are 
considered in the context of the supposed “empty niche” and as current examples of dispersalism and 
mechanisms (e.g., traits) of coexistence and competition. This is followed by behavioural ecology, 
focusing on how competition and cooperation between and within species affects evolutionary fitness. 
This leads into analytical biogeography, considering the distribution of species and how this was 
established (i.e., vicariance versus dispersalism) before discussing the evolution and coexistence of 
species regionally and globally. The course is based on a two-week fieldtrip before the semester starts, 
with assignment hand-ins and tutorials during the semester. "
null;null;null;3;QUANTITATIVE BIOLOGY;BIO3019S;36;"In an era of ""big data"", the ability to work with large amounts of numerical data is an important skill. Biological systems are notoriously complex across all levels of organisation and are often difficult to manipulate experimentally on meaningful temporal and spatial scales. Mathematical models provide a means of gaining insight into such systems, allowing us to disentangle complicated processes, focus on variables of interest to a particular research question, test alternative hypotheses, make predictions, and help present ideas in an unambiguous fashion. This course deals with the use, interpretation, and limits of modelling approaches in biology. In a series of modules exploring processes ranging from the behaviour of genes to understanding global scale distributions of species and communities, students will gain experience in question formulation, model development and parameterisation, interpretation of results, and model critique."
null;null;null;null;null;null;null;null
null;null;DEPARTMENT OF CHEMISTRY;1; CHEMISTRY 1000 ;CEM1000W;36;"This course lays the foundation of chemistry in its context as a central science for scientists and 
engineers working in the chemical, biological or earth sciences or in chemical engineering.Fundamental concepts in chemistry are covered to illustrate their application to understanding the 
molecular nature of the world around us. Topics include microscopic and macroscopic concepts, 
atomic structure, chemical bonding and molecular structure, the chemistry of the elements and 
inorganic chemistry, chemical equilibrium, acids and bases, solubility, phases of matter, 
thermochemistry and thermodynamics, colligative properties, oxidation and reduction, 
electrochemistry and chemical kinetics. The course continues with an introduction to the language of 
organic chemistry, including structure and reactivity in organic chemistry, describing and predicting 
organic reactivity and the properties and reactivity of biologically important molecules. Practicals aim 
to develop essential manipulative and technical laboratory skills, as well as to draw links to 
interpreting the physical world in terms of its molecular nature. A blended approach to learning may 
be used where academic activities will be delivered online and face-to-face, if feasible. This will be 
at the discretion of the course convener. "
null;null;null;1;CHEMISTRY 1009;CEM1009H ;18;"This course lays the foundation of chemistry in its context as a central science for scientists working 
in the chemical, biological or earth sciences. Fundamental concepts in chemistry are covered to 
illustrate their application to understanding the molecular nature of the world around us. Topics 
include microscopic and macroscopic concepts, atomic structure, chemical bonding and molecular 
structure, chemical equilibrium, acids and bases, solubility, phases of matter, thermochemistry, 
osmosis and chemical kinetics. The course continues with an introduction to the language of organic 
chemistry, including naming of compounds, identification of functional groups and isomers. Practicals 
are designed to develop essential manipulative and technical laboratory skills, to take measurements 
and handle data, as well as to draw links to interpreting the physical world in terms of its molecular 
nature. "
null;null;null;1;CHEMISTRY 1010;CEM1010H;null;"Topics covered at a more advanced level include microscopic and macroscopic concepts, atomic 
structure, chemical bonding and molecular structure, the chemistry of the elements and inorganic 
chemistry, chemical equilibrium, acids and bases, solubility, vapour pressure and phase diagrams, 
thermodynamics, colligative properties, oxidation and reduction, electrochemistry and chemical 
kinetics. The course includes an introduction to the language of organic chemistry, structure and 
reactivity in organic chemistry, describing and predicting organic reactivity and the properties and 
reactivity of biologically important molecules. Practicals aim to develop essential manipulative and 
technical laboratory skills, as well as to draw links to interpreting the physical world in terms of its 
molecular nature. "
null;null;null;2;INTERMEDIATE CHEMISTRY;CEM2005W;48;This course develops the foundations of a major in Chemistry at an intermediate level and allows continuation to third-year Chemistry for the completion of a major in Chemistry. The theory component features a set of intermediate topics, and the laboratory component develops both experimental and interpretative skills. The course includes the following topics: spectroscopy and modern analytical tools, introduction to inorganic chemistry, organic structure and reactivity, thermodynamics, thermodynamics of solutions, phase equilibria, chemical reaction kinetics and equilibria, reactions of organic molecules (patterns, predictions and preparation of new products), introduction to coordination chemistry, structures and energetics of inorganic solids and electrochemistry. The practical course covers the same topics and aims to develop manipulative and technical laboratory skills including the application of modern analytical methods to the elucidation of chemical structures.
null;null;null;3;CHEMISTRY 3005 ;CEM3005W;72;"This final course for the Chemistry major aims to develop understanding and integrated knowledge of 
the core disciplines in Chemistry. Lecture material includes topics in wave mechanics and 
spectroscopy, adsorption and heterogeneous catalysis, solid-state chemistry and X-ray 
crystallography, dynamics, inorganic reaction mechanisms, organometallic chemistry, further topics 
in organic structure and reactivity, organic synthesis and organic dynamic stereochemistry. The 
practical course covers the same topics and aims to develop integrative and interpretive skills. A 
further aim is to develop skills in writing within the discipline, as well as introducing students to 
modern research methods. "
null;null;null;null;null;null;null;null
null;null;DEPARTMENT OF COMPUTER SCIENCE;1;COMPUTER SCIENCE 1010;CSC1010H;18;"This course is an introduction to problem solving, algorithm development and programming in the 
Python language. It includes fundamental programming constructs and abstractions, sorting and 
searching techniques, and machine representations of data. The practical component covers 
input/output, conditionals, loops, strings, functions, arrays, lists, dictionaries, recursion, text files and 
exceptions in Python. Students are taught testing and debugging, as well as sorting and searching 
algorithms, algorithm complexity and equivalence classes. Number systems, binary arithmetic, 
boolean algebra and logic gates are also introduced "
null;null;null;null;COMPUTER SCIENCE 1011;CSC1011H ;18;"The first half of the course aims to further develop problem solving and programming in Python. The 
second half focuses on object-oriented design and programming in Java, as well as introducing 
important considerations relating to ethical and professional issues. The latter introduces students to 
ethical issues such as property rights, freedom of expression and privacy, and concepts such as free 
and open source software, ICT for Development, and Professional Codes of Conduct. The Java 
component of the course covers object-oriented design techniques and UML class diagrams, as well 
as elementary data structures such as lists, stacks and queues. The practical component includes use 
of inheritance, polymorphism, interfaces, generics and GUI programming in Java"
null;null;null;1;"COMPUTER SCIENCE 1015 
";CSC1015F/S ;18;"This course is an introduction to problem solving, algorithm development and programming in the 
Python language. It includes fundamental programming constructs and abstractions, sorting and 
searching techniques, and machine representations of data. The practical component covers 
input/output, conditionals, loops, strings, functions, arrays, lists, dictionaries, recursion, text files and 
exceptions in Python. Students are taught testing and debugging, as well as sorting and searching 
algorithms, algorithm complexity and equivalence classes. Number systems, binary arithmetic, 
Boolean algebra and logic gates are also introduced. The course is offered in a blended-learning 
format. Students are provided with a set of video lectures that they can watch multiple times. Student 
contact time is in a tutorial/practical format aimed at reinforcing the principles introduced in the online 
lectures and giving students time to do exercises under the supervision of tutors. "
null;null;null;1;COMPUTER SCIENCE 1016 ;CSC1016S ;18;"This course builds on the foundation of CSC1015F/CSC1010H, with a focus on object-oriented design 
and programming in Java, as well as introducing important considerations relating to ethical and 
professional issues. The latter introduces students to ethical issues such as property rights, freedom of 
expression and privacy, and concepts such as free and open source software, ICT for Development, 
and Professional Codes of Conduct. The Java component of the course covers object-oriented design 
techniques and UML class diagrams, as well as elementary data structures such as lists, stacks and"
null;null;null;2;COMPUTER SCIENCE 2001;CSC2001F ;24;"This course builds on the first year Computer Science foundation with an emphasis on data storage 
and manipulation. The course covers abstract data types and assertions, recursive algorithms, tree 
structures such as AVL and B-trees, graph traversals, minimum spanning trees, sets, hashing and 
priority queues. An introduction to conceptual modelling, database design and relational database 
manipulation is included. Practical programming in Java in a Unix environment is an important part 
of the course"
null;null;null;2; COMPUTER SCIENCE 2002;CSC2002S;24;"The goal of this course is to complete the basic education of a Computer Scientist. Topics include: 
mobile application development and interface design, an introduction to computer architecture and 
concurrent programming. Practical work in Java and in assembler programming are included"
null;null;null;2;PROGRAMMING ASSESSMENT;CSC2004Z;0;"All students who take advanced courses in Computer Science need to build on a foundation of strong 
programming skills. The aim of this course is to assess and confirm mastery in fundamental 
programming skills before students can proceed to advanced courses"
null;null;null;2; INDEPENDENT RESEARCH IN COMPUTER SCIENCE ;CSC2005Z ;24;"This course allows students to pursue a course of independent research in one of the areas of 
specialisation of the department, as listed on the department's website, under the direct supervision of 
one of the staff members. Students will learn research methods in Computer Science and apply these 
in a suitable project. They will also learn about research writing (proposal and report). 
Students will complete a research project and document this in a research report (mini-dissertation). 
An intermediate deliverable will be a project proposal and presentation to staff"
null;null;null;3;COMPUTER SCIENCE 3002;CSC3002F;null;"Course outline: 
The course provides an introduction to the two topics (1) structure and organization of operating 
systems and (2) a basic knowledge of computer networks that will take the student through the various 
logical layers of the ISO OSI layers, focusing on the Internet Protocol suite."
null;null;null;3;COMPUTER SCIENCE 3003 ;CSC3003S;36;"This is a course on two advanced topics: (1) advanced software design is about turning requirements 
into effective and efficient implementations in a systematic manner; and (2) the algorithms module 
expands on a topic central to computing. This module describes how algorithms are categorised, and 
shows interesting algorithms in each category and analyses their complexity. It also touches on Turing 
machines and the limits of computation. "
null;null;null;3;C++ AND MACHINE LEARNING;CSC3022F ;36;"This course introduces the C++ programming language, followed by an exploration of topics in 
machine learning. Students are exposed to different aspects of C++ including templates and functional 
programming and an in-depth study of the C++ memory model. A basic introduction to a widely used 
Python ML framework is then provided. A number of machine learning algorithms are introduced and 
students implement a subset of these using the Python framework.. By the end of the course, students 
should understand how to write efficient object-oriented programs in C++, and also be familiar with 
major categories of learning algorithms, and be able to select and implement the most appropriate 
algorithm for a given problem in Python"
null;null;null;null;null;null;null;null
null;null;"DEPARTMENT OF ENVIRONMENTAL AND 
GEOGRAPHICAL SCIENCE";1;GEOGRAPHY, DEVELOPMENT & ENVIRONMENT;EGS1003S ;18;"The course introduces students to development, sustainability and environment debates in geography, 
by exploring different landscapes at different scales and levels, focusing on the historical roots and 
spatial patterns that underpin development. 
"
null;null;null;1;"GEOSYSTEMS: AN INTRODUCTION TO EARTH & 
ENVIRONMENTAL SCIENCES";GEO1009F;18;"This course aims to develop a broad understanding of how the Earth works. Over its >4.5 billion-yearlong history, the Earth has been shaped by chemical, physical and biological processes. The course 
shows why decoding the rock record of deep-time events is critical for explaining past, present and 
future environmental changes and the distribution of natural resources. The Earth has also sustained 
life in the last >3.5 billion years. Our species, Homo sapiens, is a relatively recent arrival, yet it had 
the greatest impact on our planet. The course reviews human evolution and how we became the 
dominant cause of environmental change on our planet. The course also introduces environmental 
science and examines contemporary linkages between climate, hydrology and critical surface zone 
processes within the context of human impact. Together they control the state of the environment and 
determine the resilience, vulnerability and risks for life on Earth. "
null;null;null;2;THE PHYSICAL ENVIRONMENT;EGS2013F;24;"The course focuses on contemporary Atmosphere-Earth surface interactions, in particular the role of 
precipitation and water from a global to a regional scale and examines temporal dynamics, driven by 
natural process as well as anthropogenic pressures. It covers in detail global circulation patterns, 
climate variability, soil formation, polar response to climate change, informants of regional biome 
formation, tropical deforestation, and desertification and earth observation technology. It is expected 
that students will enhance their understanding of Earth system dynamics, systems interactions and 
develop an appreciation for scales both temporal and spatial. Students are also expected to put the 
local context into a regional setting and make linkages to the larger global picture. "
null;null;null;2;SOCIETY & SPACE;EGS2015S;24;"Spatial thinking sits at the core of Geographical scholarship, and space and human societies are always 
mutually constitutive. This course explores how geographers have theorised space and place as central 
to understanding historical processes, social relations and cultural practices. Focusing particularly on 
Africa and other regions of the global South, the course covers foundational Human Geography 
concepts including modernity, landscape, memory, heritage, identity and inclusion. Through 
theoretical work and field-based experiential learning, we examine how space and place both shape 
and are shaped by a range of power dynamics. "
null;null;null;3;ATMOSPHERIC SCIENCE;EGS3012S;36;"This course aims to provide a thorough understanding of the physical processes that control the Earth's 
atmosphere. It covers the following topics: atmospheric energy balance, thermodynamics, dynamics, 
and general circulation; tropical and mid-latitude weather producing systems; weather and climate 
extreme events (e.g. heat-waves, drought, and floods) in Africa; climate variability and change; 
atmospheric boundary layer turbulence, chemistry, and pollution. The lectures are complemented with 
field measurements and laboratory practicals to demonstrate basic data analysis techniques employed 
in atmospheric sciences. "
null;null;null;3;SUSTAINABILITY & ENVIRONMENT ;EGS3021F;36;"The course critically engages with current debates and discourses in the fields of sustainability, 
vulnerability and environmental management, including examination of key concepts such as 
integration, systems-thinking, complexity, equity, vulnerability, risk, resilience, adaptation and 
mitigation. Approaches and methods for analysing environmental problems and integrating risk 
reduction as well as sustainability principles and practices into policy, programme, plan and project 
cycle processes are investigated and applied in different contexts"
null;null;null;3;"GEOGRAPHIC THOUGHT 
";EGS3022S;36;"The course focuses on debates in classical and contemporary human geography. It considers important 
thematic areas in the geographical literature, such as development; spatiality; urban, political and 
feminist geographies. Each thematic area explores specific debates and key author’s work in the field, 
providing students with an introduction to literature, a content overview, and skills to deconstruct and 
build conceptual and analytical arguments related to evidence drawn from geographical research from 
around the world, other than South Africa. The course also emphasises academic reading and writing 
skills taught in the practical sessions"
null;null;null;3;ANTHROPOCENE ENVIRONMENTS IN PERSPECTIVE;EGS3023F;36;"The course deals with the dynamic physical environment including the human impact on global 
environments at various spatial and temporal scales during the so-called Anthropocene. The general 
aim of this course is to illustrate the nature and scale of changes that characterise the earth’s 
environment, against a background of both natural and anthropogenically-induced processes. This 
provides an important perspective when thinking about contemporary environments and how they 
might change in the future – with obvious consequences for our own species and that of the others 
with which we share the planet. "
null;null;null;null;null;null;null;null
null;null;DEPARTMENT OF GEOLOGICAL SCIENCES ;1;INTRODUCTION TO MINERALS, ROCKS & STRUCTURE;GEO1006S;18;"This course introduces students to the Geology major and covers the essentials of the discipline as 
follows: crystals and minerals; igneous and metamorphic rocks; structural geology; mineral deposits 
and economic geology; palaeontology; the interpretation of geological maps. A three-day field trip to 
the Western Cape serves as an introduction to field geology."
null;null;null;1;"GEOSYSTEMS: AN INTRODUCTION TO EARTH & 
ENVIRONMENTAL SCIENCES ";GEO1009F;18;"This course aims to develop a broad understanding of how the Earth works. Over its >4.5 billion-yearlong history, the Earth has been shaped by chemical, physical and biological processes. The course 
shows why decoding the rock record of deep-time events is critical for explaining past, present and 
future environmental changes and the distribution of natural resources. The Earth has also sustained 
life in the last >3.5 billion years. Our species, Homo sapiens, is a relatively recent arrival, yet it had 
the greatest impact on our planet. The course reviews human evolution and how we became the 
dominant cause of environmental change on our planet. The course also introduces environmental 
science and examines contemporary linkages between climate, hydrology and critical surface zone 
processes within the context of human impact. Together they control the state of the environment and 
determine the resilience, vulnerability and risks for life on Earth"
null;null;null;2; MINERALOGY, CRYSTALLOGRAPHY AND PETROGRAPHY;GEO2001F;24;"This course covers the fundamentals of physical and chemical mineralogy and its application to 
igneous and metamorphic rocks as a basis for senior courses in petrology. The course comprises interrelated sections as follows: crystallography and crystal optics (including a brief introduction to X-ray 
crystallography): mineralogy (the chemical, physical and optical properties of selected groups of rockforming minerals, and the theory and practice of identifying minerals by means of the polarising 
microscope); phase diagrams (interpretation of simple phase diagrams relevant to igneous and 
metamorphic rocks); classification and petrography of igneous rocks (physical processes of magma 
differentiation; the relationship between chemical composition and modal mineralogy); classification 
and petrography of metamorphic rocks (types of metamorphism, metamorphic textures and mineral 
assemblages). "
null;null;null;2; PHYSICAL GEOLOGY;GEO2004S;24;"This course builds on the previous mineralogy course and explores the physical structure of the Earth 
and the physical processes involved in sedimentary rock formation and rock deformation. These 
include transport and deposition of sediments; sedimentary textures and structure; siliciclastic, 
carbonate, evaporitic and other sedimentary rocks; earthquakes, stress, displacement and strain; brittle 
and ductile deformation; interpretation of geological maps and cross sections; introduction to tectonics 
and global geophysics. "
null;null;null;2;FIELD GEOLOGY & GEOLOGICAL MAPPING;GEO2005X;24;"This is a field-based course that introduces techniques used to identify, describe and document rocks 
in the field and for interpreting their inter-relationships, with the view to producing geological maps, 
stratigraphic logs and structural sections. Techniques covered include: mineralogical and textural 
descriptions of rocks using a hand-lens; measurement of attitude of bedding using compass and 
clinometer; measurement, description and interpretation of depositional and deformational structures; 
stereo plots, interpretation and use of aerial photographs; identifying contact relationships; GPS 
positioning. Course material is taught over four separate field camps spread over two years of study"
null;null;null;3; STRATIGRAPHY & ECONOMIC GEOLOGY;GEO3001S;36;"Course outline: 
This course covers the development of the oceanic and continental rock record and associated ore 
deposits as follows: the principles of stratigraphy with examples drawn from the South African rock 
record; the methods and procedures involved in dating rocks; the genesis of economic mineral 
deposits, their microscopic textures, and their valuation and exploitation; geophysical techniques."
null;null;null;3;PETROLOGY & STRUCTURAL GEOLOGY;GEO3005F;36;"This course covers key concepts in igneous, metamorphic and sedimentary petrology in combination 
with structural geology as follows: interpreting major and trace element and isotope variations in 
igneous rocks; origin and evolution of the major magma series; thermodynamics, kinetics and 
chemography of metamorphic reactions; tectonic setting of metamorphic terrains; principles of 
interpretations and classification of continental and marine sedimentary environments; kinematic 
principles, deformation mechanisms, microstructure, faulting and tectonic geomorphology. "
null;null;null;null;null;null;null;null
null;null;"DEPARTMENT OF MATHEMATICS AND 
APPLIED MATHEMATICS ";1; INTRODUCTION TO DISCRETE MATHEMATICS;MAM1008S ;18;"This course provides a foundation for Computer Science and Applied Statistics. Many areas of 
Computer Science and Applied Statistics require the ability to work with concepts from discrete 
structures, which include topics such as set theory, logic, graph theory, and probability theory. In this 
course, you will learn about (1) sets, relations and functions; (2) basic logic, including propositional 
logic, logical connectives, truth tables, propositional inference rules and predicate logic; (3) proof 
techniques, including the structure of mathematical proofs, direct proofs, disproving by 
counterexample, proof by contradiction; (4) basics of counting, including counting arguments, the 
pigeonhole principle, permutations and combinations, solving recurrence relation; (5) graphs and 
trees; (6) discrete probability, including finite probability space, axioms of probability, conditional 
probability; and, (7) linear algebra, including vectors, matrices and their applications. The course is 
offered in a blended-learning format. Students are provided with a set of video lectures that they can 
watch multiple times. Student contact time is in a tutorial format aimed at reinforcing the principles 
introduced in the online lectures and giving students time to do exercises under the supervision of 
tutors. 
Lecture times: No f"
null;null;null;1;MODELLING & APPLIED COMPUTING;MAM1043H;18;"The aim of this course is to introduce Applied Mathematics and Mathematical Modelling including 
approximations and estimation theory, numerical methods, dynamical systems and modelling and 
simulation of discrete and continuous processes with MATLAB and/or Julia. Exposure to research 
methodology and mathematical communication is provided. "
null;null;null;1;DYNAMICS;MAM1044H;18;"The aim of this course is to introduce the elements of mechanics. Topics covered include: Kinematics 
in three dimensions. Newton's laws of motion, models of forces (friction, elastic springs, fluid 
resistance). Conservation of energy and momentum. Simple systems of particles, including brief 
introduction to rigid systems. Orbital Mechanics with applications to the planning of space missions 
to the outer planets"
null;null;null;2;APPLIED MATHEMATICS 2046 ;MAM2046W;48;"This course will provide students with fundamental topics in Applied Mathematics. It consists of the 
following four modules: 
2NA: NUMERICAL ANALYSIS (MAM2053S in EBE) 
Non-linear equations and rates of convergence. Direct and iterative methods for solving linear 
systems, pivoting strategies, matrix factorization, norms, conditioning. Solutions to initial value 
problems including higher order ordinary differential equations. Interpolation and approximation 
theory, splines, discrete and continuous least squares. Numerical differentiation and integration. Error 
analysis and control. 
2OD: ORDINARY DIFFERENTIAL EQUATIONS 
First order equations; existence and uniqueness of solutions. Linear equations of the n-th order; 
systems of n linear first-order equations. Nonhomogeneous linear equations and systems; variation of 
parameters; qualitative theory of nonlinear equations; phase plane analysis; externally and 
parametrically driven oscillators; resonances; application to the theory of nonlinear vibrations. 
Calculus of variations. 
2BP: BOUNDARY-VALUE PROBLEMS (MAM2050S in EBE) 
Boundary-value problems, Sturm-Liouville problems, Green's function. Variational calculus, 
applications to Lagrangean and Hamiltonian mechanics. Diffusion, Laplace's and wave equation. 
Solution by separation of variables. 
2ND: NONLINEAR DYNAMICS 
Fixed points, bifurcations, phase portraits. Conservative and reversible systems. Index theory, 
Poincáre-Bendixson theorem, Liénard systems, relaxation oscillators. Hopf bifurcations, 
quasiperiodicity and Poincaré maps. Applications. Chaos on a strange attractor, Lorentz map, logistic 
map, Hénon map, Lyapunov exponents. Fractals. "
null;null;null;2;"APPLIED MATHEMATICS 2047 
";MAM2047H;24;"The aim of this course is to introduce the student to a selection of fundamental topics in Applied 
Mathematics. This half-course consists of two modules from MAM2046W, one of which should be 
the module 2OD: ORDINARY DIFFERENTIAL EQUATIONS, which covers: 
First order linear and nonlinear equations; existence and uniqueness of solutions. Linear equations of 
the n-th order and systems of n linear first order equations. Nonhomogeneous linear equations and 
systems; variation of parameters; qualitative theory of nonlinear equations; phase plane analysis; 
externally and parametrically driven oscillators; resonances; application to the theory of nonlinear 
vibrations. Calculus of variations. "
null;null;null;2;APPLIED MATHEMATICS 2048 ;MAM2048H;24;"The aim of this course is to introduce the student to a selection of fundamental topics in Applied 
Mathematics. This course is for students who have already obtained credit for MAM2047H. It consists 
of two modules of MAM2046W which were not taken as MAM2047H. A student who takes both 
MAM2047H and MAM2048H may count the combination as equivalent to MAM2046W."
null;null;null;3;APPLIED MATHEMATICS 3040;MAM3040W;72;"This course introduces students to advanced topics in Applied Mathematics. 
3MP: METHODS OF MATHEMATICAL PHYSICS (MAM3043F in EBE) 
Fourier-transform solution of linear PDEs on the line. Long-term asymptotic behaviour: methods of 
Laplace, stationary phase, steepest descents. Nonlinear waves: Riemann invariants. Effect of 
dissipation; Cole-Hopf transform for the Burgers equation; travelling fronts for the KPP equation. 
Effect of dispersion: KdV, sine-Gordon equation. Elliptic integrals, elliptic functions; cnoidal waves, 
solitons. Multisoliton solutions: Hirota method, Baecklund transformations. 
3CV: METHODS OF FUNCTIONS OF COMPLEX VARIABLES 
Complex calculus, calculus of residues, special functions, applications to physics. 
3AN: ADVANCED NUMERICAL METHODS (MAM3050S in EBE) 
Advanced methods for ODEs, boundary value problems, differential eigenvalue problems. Numerical 
solution of PDEs by methods of finite differences, finite elements and spectral methods. 
3GR: INTRODUCTION TO GENERAL RELATIVITY (MAM3049S in EBE) 
This course introduces special relativity, taught in a blended learning fashion (online lectures and 
tutorials) and general relativity including tensors, the metric tensor, symmetries, curvature, Einstein's 
field equations and solutions of Minkowski space and Black Holes. 
3FD: FLUID DYNAMICS (MAM3054S in EBE) 
Application, description of fluids, equations of fluid flow for simple fluids, analytical techniques."
null;null;null;3;"APPLIED MATHEMATICS 3041 
";MAM3041H;36;"The aim of this course is to introduce students to a selection of advanced topics in Applied 
Mathematics. This half course consists of two modules of MAM3040W, at least one of which should 
be 3MP: METHODS OF MATHEMATICAL PHYSICS (MAM3043S in EBE), the content of which 
may be found in the entry for MAM3040W"
null;null;null;3;APPLIED MATHEMATICS 3048;MAM3048H ;36;"This course is for students who have already obtained credit for MAM3041H. It consists of two 
modules of MAM3040W which were not taken as MAM3041H and which, together with 
MAM3041H, would constitute the contents of MAM3040W. A student who takes both MAM3041H 
and MAM3048H may count the combination as equivalent to MAM3040W. "
null;null;null;null;null;null;null;null
null;null;"DEPARTMENT OF MOLECULAR AND CELL 
BIOLOGY ";2;BIOLOGICAL INFORMATION TRANSFER;MCB2020F;24;This course introduces students to fundamental concepts in genetics and examines how biological information is organised, used and transferred in viruses, prokaryotes and eukaryotes. Topics covered include the biological explanations for Mendel's laws of genetics, principles of evolutionary genetics, genome organisation, horizontal gene transfer and gene structure and regulation.
null;null;null;2;MOLECULAR BIOSCIENCE;MCB2021F;24;"This course will introduce students to the concepts of biological chemistry fundamental to 
understanding the distinctive properties of living matter and biological processes. The course covers 
core principles in three major areas, (i) the structural chemistry of key components of living matter 
and the relationship between chemical structure and biological function of these components, (ii) 
metabolism - the nature of chemical reactions that occur in living matter and (iii) the chemistry of 
molecules and processes involved in the transmission of biological information. In addition to these 
core principles, students will learn about scientific method, basic biochemistry/molecular biology 
techniques and experimental design. "
null;null;null;2;METABOLISM & BIOENGINEERING;MCB2022S;24;"This course will introduce students to some key aspects of metabolic energy production in eukaryotic 
and prokaryotic systems. It aims to raise awareness of issues at the forefront of the discipline and give 
students the ability to dissect problems in order to identify solutions. Topics covered may include 
carbohydrate and lipid metabolism, metabolic integration, the metabolic diversity in Bacteria and 
Archaea, and bioengineering in bacteria and plants. "
null;null;null;2;FUNCTIONAL GENETICS;MCB2023S;24;"The course lays the foundation for the major in genetics, and shows how the tools of classical and 
molecular genetics can be applied to understanding the regulation of gene expression, cell 
differentiation and patterning in bacteria and eukaryotes. Concepts covered include gene mapping, 
forward and reverse genetics; microbial genetics, including regulation of the lac operon; CRISPR/ 
Cas9 gene editing and DNA repair; alternative splicing and sex-determination; epigenetic mechanisms 
used in dosage compensation; the genetic analysis of cell cycle regulation; stem cell technology and 
axis determination in Drosophila"
null;null;null;3;MOLECULAR EVOLUTIONARY GENETICS & DEVELOPMENT;MCB3023S ;36;"This course provides advanced level studies in the area of molecular evolutionary genetics and 
development. Focus is placed on understanding key experiments in these fields and on interpreting 
data. Topics covered include: The origins and molecular genetics of viruses, principles of mouse 
molecular genetics applied to limb and neural development; evo-devo or how genetic change leads to 
morphological diversity; interactions between genetics, the environment and development"
null;null;null;3;DEFENCE & DISEASE;MCB3024S;36;"This course will initially examine the innate immune systems of plants. The focus will switch to the 
adaptive immune system, with emphasis on three major disease challenges in South Africa; namely, 
HIV, TB and malaria. Host-pathogen interactions will also be discussed, with a focus on viruses and 
how they infect mammals. Finally, the course will examine strategies to produce vaccines that enable 
immunity to viral infecti"
null;null;null;3;STRUCTURAL & CHEMICAL BIOLOGY;MCB3025F ;36;"This course addresses how modern techniques of structural and chemical biology are being used to 
solve biological problems. It draws on multiple aspects of macromolecular biochemistry including 
nucleic acid structure and interactions, signalling proteins and membrane proteins, and demonstrates 
how this knowledge can be used in drug discovery and protein design in biotechnology. Topics 
include: mechanisms of reversible and irreversible enzyme inhibitors, ligand binding, protein folding, 
molecular basis for protein function, regulation of protein activity, cell signalling and proteomics"
null;null;null;3;MOLECULAR GENETICS AND GENOMICS;MCB3026F;36;"This course explores various topics in molecular genetics covering humans, plants, bacteria, viruses 
and mobile genetic elements (MGEs). Focus is given to understanding genetic mechanisms by 
studying genes, proteins, antisense RNA, sRNA and the role they play in regulatory and biochemical 
processes. Topics include plasmid biology, regulation of viral lifecycles, bacterial biosynthetic 
pathways, human genetic disorders, transgenic plants and metagenomics among others. Different and 
cutting-edge tools in modern day molecular biology are taught with an emphasis on data analyses and 
interpretation and these include bioinformatics (DNA sequence analysis, assembly, annotation, 
databases, BLAST, primer design), phylogenetics, Next generation sequencing, RNA sequencing and 
genome projects"
null;null;null;null;null;null;null;null
null;null;DEPARTMENT OF PHYSICS;1;MATTER & INTERACTIONS ;PHY1004W;36;"PHY1004W is an advanced calculus-based introductory course for Science students intending to 
continue with second-year Physics. It features the modelling of physical systems from fundamental 
principles, and computational problem solving using VPython. The course includes the following 
topics: Modern mechanics: Conservation laws, the momentum principle, atomic nature of matter, 
conservation of energy, energy in macroscopic systems, energy quantization, multi-particle systems, 
exploring the nucleus, angular momentum, entropy. 
Electric and magnetic interactions: Electric fields, electric potential, magnetic fields, electric circuits, 
capacitance, resistance, magnetic force, Gauss' Law, Ampere's Law, Faraday's Law, induction, 
electromagnetic radiation, waves and particles."
null;null;null;1;PRINCIPLES OF PHYSICS;PHY1023H;18;"PHY1023H is an algebra-based introductory course for Science students. Some calculus may be used. 
The course includes the following topics: Tools and skills: Essential mathematical, diagrammatic and 
conceptual tools and skills for Physics, co-ordinate systems, vectors, rates of change, the fundamental 
forces, mathematical techniques and their relationship with physical phenomena. Mechanics: 
kinematics, forces, dynamics, momentum, impulse, work, energy, power, collisions, rotation,rotational dynamics, torque, angular momentum, static equilibrium, gravitation. Properties of matter: 
elasticity, hydrostatics, hydrodynamics. Vibrations and waves: simple harmonic motion, damped 
oscillations, forced oscillations, resonance, travelling waves, superposition, standing waves, sound 
waves, sound intensity and Doppler Effect"
null;null;null;1;GENERAL PHYSICS A ;PHY1031F;18;"PHY1031F is an algebra-based introductory course for Science students who do not intend proceeding 
to second-year courses in Physics. Some calculus may be used. The course includes the following 
topics: Mechanics: vectors, kinematics, forces, dynamics, momentum, impulse, work, energy, power, 
collisions, rotation, rotational dynamics, torque, angular momentum, static equilibrium, gravitation. 
Properties of matter: elasticity, hydrostatics, hydrodynamics. Vibrations and waves: simple harmonic 
motion, damped oscillations, forced oscillations, resonance, travelling waves, superposition, standing 
waves, sound waves, sound intensity and Doppler Effect. "
null;null;null;1;GENERAL PHYSICS B ;PHY1032F ;18;"PHY1032F is an algebra-based introductory course usually taken by Science students who have 
completed PHY1023H. Some calculus may be used. The course includes the following topics: 
Electricity and magnetism: electric charge, electric field, Gauss’ law, electric potential, capacitance, 
current, current density, emf, resistance, resistivity, networks, magnetic field, Biot Savart law, 
Ampere’s law, electromagnetic induction, inductance, alternating currents. Thermal physics: 
temperature, heat, kinetic theory of gases, first and second laws of thermodynamics. Optics: 
Geometrical optics, polarization, electromagnetic waves, interference, diffraction. Modern physics: 
atomic structure, quantum physical phenomena, wave-particle duality, X-rays, elementary nuclear 
physics, radioactivity"
null;null;null;2; INTERMEDIATE PHYSICS ;PHY2004W;48;"PHY2004W develops the foundations of a major in Physics and allows continuation to third-year 
Physics. The theory component features a set of intermediate topics, and the laboratory component 
develops both experimental and computational skills. The course includes the following topics: 
Mechanics: Review of Newton’s Laws, inertial and non-inertial frames, transformations, equations of 
motion for 1D systems, oscillations, resonance, non-linear systems, Euler’s equation, Lagrange’s 
equation, generalized co-ordinates and constrained systems, Hamiltonian formalism, phase space and 
Liouville’s theorem, effective potentials, planetary motion, systems of particles, angular momentum, 
collisions, rigid bodies, simple harmonic motion, resonance, coupled oscillators, wave equation, 
special relativity, relativistic mechanics. 
Electromagnetism: Vector calculus (div, grad, curl), electrostatics, special techniques for potentials, 
electric fields in matter, magnetostatics, magnetic fields in matter, current, Ohm’s law, circuits, 
electromagnetic induction, electrodynamics, Maxwell’s equations. 
Quantum Mechanics: The basic assumptions of quantum mechanics, solutions of Schrödinger's 
equation, properties of wave functions and operators, one-dimensional applications, angular 
momentum in quantum mechanics, three-dimensional applications, the hydrogen atom, approximate 
methods. "
null;null;null;3; ADVANCED PHYSICS ;PHY3004W;72;"This course completes the major in Physics. The theory component aims to develop advanced skills 
in problem solving within physics, and includes the following topics: 
Electromagnetism: Maxwell's equations in vacuum and matter, momentum and angular momentum 
in electromagnetic fields, electromagnetic waves, wave guides, gauge transformations, retarded 
potentials, electric and magnetic dipole radiation, special relativity, relativistic kinematics and 
electrodynamics, electromagnetic field tensor. 
Thermodynamics and Statistical Physics: Temperature, heat and work, laws of thermodynamics, 
ensembles and entropy, Boltzmann distribution and Helmholtz free energy, thermal radiation, 
chemical potential and Gibbs distribution, Fermi-Dirac statistics, electrons in metals, Bose-Einstein 
statistics, phonons, photons and the black-body distribution, the Bose-Einstein condensate, 
applications to classical and quantum systems. 
Applications of Quantum Mechanics: Atomic Physics (atomic structure and spectra, selection rules, 
spin, fine structure, Zeeman effect, time dependent and independent perturbation theory); Nuclear and 
Particle Physics (properties of nuclei, nuclear forces, structure, reactions and models, nuclear models, 
interactions of elementary particles, quarks and leptons, symmetries and the gauge forces); and Solid 
State Physics (crystal structure, lattice vibrations, electron states in solids, energy band theory, 
semiconductor physics and devices). 
The laboratory component includes practical and computational tasks to develop advanced skills of 
experimentation and scientific report writing. "
null;null;DEPARTMENT OF STATISTICAL SCIENCES;1;INTRODUCTORY STATISTICS;STA1000F ;18;"This is an introductory statistics course aimed at exposing students to principles and tools to support 
appropriate quantitative analysis. The aim is to produce students with a functional sense of statistics. 
We introduce students to statistical modelling and also cover exploratory data analysis. Appropriate 
tools for display, analysis and interpretation of data are discussed. This course is offered 
predominantly, but not exclusively, to Commerce students. The aim is to give a foundation to students 
who will encounter and apply statistics in their other courses and professions. Topics covered include: 
exploratory data analysis and summary statistics; probability theory; random variables; probability 
mass and density functions; Binomial, Poisson, Exponential, Normal and Uniform distributions; 
sampling distributions; confidence intervals; introduction to hypothesis testing (including tests on 
means; tabular data and bivariate data); determining sample sizes; simple linear regression and 
measures of correlation. Students are assessed on their knowledge of the topics covered and their 
ability to perform simple and appropriate statistical analyses using spreadsheet functions"
null;null;null;1;MATHEMATICAL STATISTICS I;STA1006S;18;"This is an introduction to statistics: the study of collecting, analysing, and interpreting data. It is the 
key entry-point into a Mathematical Statistics major and hence it is compulsory for students intending 
to major in Mathematical Statistics. This course provides foundation knowledge in statistical theory, 
and is useful for any student who wishes for an introduction to the fundamentals of statistics, from a 
mathematical perspective. Topics covered include: Types of data variables. Exploratory data analysis. 
Grouping and graphing of data. Set theory and counting rules. Probability: conditional probabilities, 
independence. Bayes theorem. Random variables and values, probability mass and density functions, 
cumulative distribution functions. Population models and parameters: binomial, Poisson, geometric, 
negative binomial, hypergeometric. Uniform, exponential, Gaussian, expectation. Coefficient of 
variation. Sampling: sampling distribution t, Chi-square, F and their tables. Point and interval 
estimation. Sample size estimation. Hypotheses testing: Z-test and T-test (proportions, difference 
between two proportions, means, difference between two (means, difference between means: for 
independent samples and dependent samples). F-test (ratio of two independent variances). Chisquared-test. Meaning of p-values. Bivariate data: scatterplot, simple linear regression and correl"
null;null;null;1;INTRODUCTORY STATISTICS FOR SCIENTISTS ;STA1007S ;18;"This course aims to provide an introduction to statistics for Science students, and the topics covered 
include: exploratory data analysis and summary statistics. Set theory. Probability: conditional 
probabilities, independence, Bayes theorem. Random variables. Probability mass and density 
functions. Binomial, Poisson, exponential, normal and uniform distributions. Sampling distributions. 
Confidence intervals. Hypothesis testing: Z-test and t-test (means, difference between means for 
independent and dependent samples). Chi-square test for independence and for Goodness-of-fit. 
Meaning of p-values. Determining sample size. Simple linear regression and measures of correlation. 
Practical data analysis will be taught using R. The course is the equivalent of STA1000S, in a 
biological setting. "
null;null;null;2;STATISTICAL THEORY & INFERENCE;STA2004F;24;"STA2004F is a rigorous introduction to the foundation of the mathematical statistics and aims to 
provide students with a deeper understanding of the statistical concepts covered in STA1006S. The 
course is intended for students studying Mathematical Statistics or Actuarial Science. STA2004F is 
divided into two broad sections: (1) Distribution theory and (2) Statistical Inference. During the first 
part of the course, students will learn to derive the distributions of random variables and their 
transformations, and explore the limiting behaviour of sequences of random variables. The last part 
of the course covers the estimation of population parameters and hypothesis testing based on a sample 
of data"
null;null;null;2;LINEAR MODELS ;STA2005S;24;"This course gives an introduction to statistical modelling and the theory of linear statistical models. 
The material is presented from a parametric and non-parametric perspective. The course has two 
sections: 
Regression: The multivariate normal distribution; quadratic forms; the linear model; maximum 
likelihood; estimates of parameters in the linear model; the Gauss-Markov theorem; variable selection 
procedures; analysis of residuals, bootstrap sampling; principal component analysis for dimension 
reduction and for regression. 
Design and analysis of experiments: Introduction to the basic design principles, basic experimental 
designs (completely randomised design, the randomised block design, Latin square design) factorial 
experiments, analysis of variance, the problem of multiple comparisons, power and sample size 
calculations, introduction to random effects and repeated measures, permutation/randomization tests, 
nonparametric tests, bootstrapping. 
The students are introduced to relevant statistical software and practical data analysis through weekly 
computer practicals and the exposure to many datasets. "
null;null;null;2;STUDY DESIGN & DATA ANALYSIS FOR SCIENTISTS ;STA2007F/S/H ;24;The course aims to equip students with practical experience and skills in analysing data, using statistical techniques frequently used in the sciences. The skills include designing experiments, choosing appropriate statistical methods for visual display and statistical modelling of data, model checking, interpretation and reporting of statistical results, and understanding of limitations of statistical methods and data. By the end of the course the student should have gained enough confidence to transfer these skills to new problems or data sets in their own profession. Topics covered include: Introduction to statistical notation, linear regression, design and analysis of experiments, generalized linear models. There will be strong emphasis on the practical application of the above methods, using open-source statistical software such as R. There will be a one-day face-to-face workshop at the beginning of the first semester and a one-day face-to-face workshop at the beginning of the second semester.
null;null;null;2;APPLIED STATISTICS;STA2020F;24;"This is designed to extend the student’s basic knowledge acquired in STA1000F/S/P/L. The emphasis 
of the course is on applying statistical methods and modelling techniques to data rather than focusing 
on the mathematical rigour underpinning these methods. Topics covered include: Analysis of variance 
and experimental design; revision and extension of simple linear regression; multiple regression; time 
series analysis; and non-parametric statistics. Students will continue to analyse data using Excel"
null;null;null;2;STATISTICAL THEORY & INFERENCE;STA2030S;24;"This course introduces students to Statistical Theory and Inference. It explores aspects of probability 
theory that are particularly relevant to statistics, including the notions of random variables, joint 
probability distributions, expected values and moment generating functions. The course content 
includes univariate distributions and moments of univariate distributions, moments of bivariatedistributions, distributions of sample statistics. It covers bias and efficiency of estimators. Students 
are introduced to the use of computer simulation and data re-sampling techniques (bootstrap) to 
investigate the following problems: one and two sample tests of means and variances, one and two 
way analysis of variances, moments and other properties of distributions, theory of distributions 
derived from the normal distribution"
null;null;null;3;APPLIED MULTIVARIATE DATA ANALYSIS ;STA3022F ;36;The aim of the course is to create a practical working familiarity with the analysis of data, focusing on multivariate methods as applied in areas such as marketing, the social science and the sciences. Topics covered include item reliability analysis, multidimensional scaling, correspondence analysis, principal component and factor analysis, cluster analysis, discriminant analysis, classification trees and structural equation modelling
null;null;null;3;STATISTICAL INFERENCE & MODELLING;STA3030F;36;"This course forms part of the third-year major in Applied Statistics. The aim of the course is to provide 
students with the main intellectual and practical skills required in the use of inferential statistics and 
statistical modelling. The course consists of 4 modules: The simulation module introduces students to 
the use of computer simulation and data re-sampling techniques (bootstrap) to investigate the 
following problems: one and two sample tests of means and variances; one and two way analysis of 
variances; moments and other properties of distributions; theory of distributions derived from normal 
distribution. The Bayesian module introduces students to decision theory and Bayesian inference. The 
generalized linear models module introduces students to the exponential family of distributions and 
extends linear and logistic regression models to models for other non-normal response variables. The 
machine learning module cover a basic introduction to statistical learning paradigms, applications of 
regression and classification trees, and a primer on feedforward neural networks and backpropagation. 
Students will use the R programming language."
null;null;null;3;" OPERATIONAL RESEARCH TECHNIQUES 
";STA3036S;36;"This course forms part of the third-year major in Applied Statistics. It is an introduction to the study 
of Operational Research (OR) and explores fundamental quantitative techniques in the OR 
armamentarium with a strong focus on computer-based application. The course is intended for 
students in the applied statistics stream but may be taken as an elective by students in the mathematical 
statistics stream. Topics covered include linear and non-linear programming where students will learn 
to find optimal solutions by characterising problems in terms of objectives, decision variables and 
constraints, Decision making under uncertainty through decision trees, decision rules and scenario 
planning, Queueing Theory simulation through modelling the operation of real world systems as they 
evolve over time. "
null;null;null;3;STOCHASTIC PROCESSES & TIME SERIES;STA3041F;36;"This course forms part of the third-year major in Mathematical Statistics. It consists of two modules 
namely Stochastic Processes and Time Series Analysis. The Stochastic Processes module is aimed at 
providing introductory theory and basic applications of stochastic processes in financial modelling 
whilst the Time Series module introduces students to the foundations of the Box-Jenkins methodology 
with the intention of applying the methodology using statistical software. Details of the module 
content are as follows: 
Stochastic processes: The module covers the general theory underlying stochastic processes and their 
classifications, definitions and applications of discrete Markov chains. Branching processes are 
examined with an emphasis on analysing probability of extinction/survival. The module also covers 
both discrete and continuous time counting processes for purposes constructing forecasts and 
backcasts. Finally, a detailed introduction to homogeneous and non-homogeneous Poisson processes 
is given. 
Time series analysis: The module covers various topics including global and local models of 
dependence, stationary ARMA processes, unit root processes as well as a brief introduction to 
univariate Volatility models as well as cointegration. "
null;null;null;3;"STATISTICAL MODELLING, MACHINE LEARNING & BAYESIAN 
ANALYSIS ";STA3043S ;36;"This course forms part of the third-year major in Mathematical Statistics. It consists of three modules: 
The first, Generalised Linear Models, introduces students to the theory and application of fitting linear 
models to various types of response variables with different underlying distributions. Subsequently, 
elementary concepts and methods in machine learning within the framework of statistical learning are 
explored. Finally, the Introduction to Bayesian Analysis module is dedicated to the Bayesian paradigm 
of statistical inference, analysis, and risk theory. The contents of the respective modules are outlined 
as follows: 
Generalized linear models: Topics covered include: The exponential family of distributions, the GLM 
formulation, estimation and inference, models for continuous responses with skew distributions, 
logistic regression, log-linear models and Poisson regression. 
Machine learning: Topics covered include: A basic introduction to statistical learning paradigms, 
applications of regression and classification trees, and a primer on feedforward neural networks and 
backpropagation. 
Introduction to Bayesian Analysis: Topics covered include: use of Bayes’ theorem; Bayesian 
statistical analysis for Bernoulli and normal sampling; empirical Bayes and credibility theory; loss 
and extreme value distributions; Monte Carlo methods. 
Students are assessed through formal written exam plus computer assignments done under exam 
conditions"
null;null;null;3;ADVANCED STOCHASTIC PROCESSES & DISTRIBUTION;STA3045F;36;"This course is a third-year module for students studying Actuarial Science or Mathematical Statistics, 
though not a requirement for a major in Mathematical Statistics. The course begins by giving a brief 
introduction to copulas and extreme value theory, together with some applications to risk 
management. The rest of the course gives a theoretical overview of stochastic processes, with the 
models covered spanning both discrete and continuous time as well as discrete and continuous statespace. Though the emphasis is on the theoretical properties of the models, the application of the 
methods to real-world problems is also explored at length. Topics covered: copulas, an introduction 
to extreme value theory, homogenous and non-homogeneous continuous-time Markov chains, random 
walks, probability theory, martingales, Brownian motion, and diffusion processes"
